City_ID,City,Country,Lat,Lng,Max Temp,Humidity,Cloudiness,Wind Speed,Current Description
0,Rikitea,PF,-23.1203,-134.9692,73.78,73,5,19.66,clear sky
1,Conde,BR,-7.2597,-34.9075,74.66,94,75,12.66,broken clouds
2,Thompson,CA,55.7435,-97.8558,54.05,63,10,2.1,clear sky
3,Bredasdorp,ZA,-34.5322,20.0403,57.27,91,54,1.48,broken clouds
4,Laguna,US,38.421,-121.4238,88.43,45,1,5.01,clear sky
5,Port Alfred,ZA,-33.5906,26.891,64.96,88,32,19.69,scattered clouds
6,Richards Bay,ZA,-28.783,32.0377,63.59,93,53,3.94,broken clouds
7,Inuvik,CA,68.3499,-133.7218,31.75,89,95,8.01,overcast clouds
8,Busselton,AU,-33.65,115.3333,58.08,85,79,13.82,broken clouds
9,Mataura,NZ,-46.1927,168.8643,48.47,37,4,2.46,clear sky
10,Lebu,CL,-37.6167,-73.65,49.05,71,15,21.23,few clouds
11,Severo-Kurilsk,RU,50.6789,156.125,52.09,81,80,11.43,broken clouds
12,Albany,US,42.6001,-73.9662,59.31,78,4,1.01,clear sky
13,Saldanha,ZA,-33.0117,17.9442,58.08,88,0,13.6,clear sky
14,Roma,US,43.2128,-75.4557,59.95,71,1,4.61,clear sky
15,Ancud,CL,-41.8697,-73.8203,42.33,79,19,6.22,few clouds
16,Saskylakh,RU,71.9167,114.0833,34.72,99,100,11.23,overcast clouds
17,Kurumkan,RU,54.3,110.3,37.62,81,92,2.44,overcast clouds
18,Kloulklubed,PW,7.0419,134.2556,84.7,75,84,9.82,broken clouds
19,Ostrovnoy,RU,68.0531,39.5131,43.61,93,93,14.29,overcast clouds
20,Puerto Ayora,EC,-0.7393,-90.3518,69.49,90,88,9.4,overcast clouds
21,Cape Town,ZA,-33.9258,18.4232,60.28,75,62,1.99,broken clouds
22,Nikolskoye,RU,59.7035,30.7861,48.87,98,48,4.56,scattered clouds
23,Talcahuano,CL,-36.7167,-73.1167,51.48,62,0,16.11,clear sky
24,Bogorodskoye,RU,56.55,37.8833,44.94,97,100,7.96,overcast clouds
25,Sakakah,SA,29.9697,40.2064,75.04,26,0,6.98,clear sky
26,Torbay,CA,47.6666,-52.7314,54.57,89,100,8.77,overcast clouds
27,San Francisco,US,37.7749,-122.4194,76.98,76,40,4.0,smoke
28,Petropavlovka,RU,50.6114,105.3196,36.86,73,58,2.39,broken clouds
29,Ola,RU,59.5833,151.2833,43.74,52,22,7.61,few clouds
30,Ushuaia,AR,-54.8,-68.3,40.66,60,0,8.05,clear sky
31,Esperance,AU,-33.8667,121.9,57.04,89,77,13.22,broken clouds
32,Cherskiy,RU,68.75,161.3,32.56,100,100,16.35,snow
33,Starodub,RU,52.5844,32.7633,42.91,95,17,11.23,few clouds
34,Xingyi,CN,24.1877,102.817,58.64,94,1,2.04,clear sky
35,Merauke,ID,-8.4667,140.3333,81.88,76,85,9.51,overcast clouds
36,Raahe,FI,64.6833,24.4833,39.29,79,78,13.49,broken clouds
37,El Alto,PE,-4.2714,-81.2147,63.86,85,97,13.8,overcast clouds
38,Fairbanks,US,64.8378,-147.7164,36.61,73,75,3.44,light snow
39,Faya,SA,18.3851,42.4509,63.12,24,3,3.4,clear sky
40,Tazovskiy,RU,67.4667,78.7,32.9,78,6,2.75,clear sky
41,Lorengau,PG,-2.0226,147.2712,82.33,79,98,8.41,overcast clouds
42,Clyde River,CA,70.4692,-68.5914,26.24,86,33,7.63,scattered clouds
43,Yellowknife,CA,62.456,-114.3525,46.29,81,93,4.0,overcast clouds
44,Geraldton,AU,-28.7667,114.6,63.01,63,40,12.66,scattered clouds
45,Ketchikan,US,55.3422,-131.6461,51.78,92,100,5.37,moderate rain
46,Mar Del Plata,AR,-38.0023,-57.5575,54.09,66,90,1.99,overcast clouds
47,Lac Du Bonnet,CA,50.2536,-96.0612,58.8,53,48,6.85,scattered clouds
48,Port Hedland,AU,-20.3167,118.5667,75.25,38,22,9.22,few clouds
49,Vuktyl,RU,63.8567,57.3094,35.69,67,100,8.68,overcast clouds
50,Yanam,IN,16.7333,82.2167,74.77,96,100,9.64,very heavy rain
51,Shingu,JP,33.7333,135.9833,70.36,88,100,10.13,overcast clouds
52,Provideniya,RU,64.3833,-173.3,39.31,60,0,8.95,clear sky
53,Taksimo,RU,56.3444,114.8794,38.66,88,100,4.81,overcast clouds
54,Tucurui,BR,-3.7661,-49.6725,79.47,70,95,4.94,overcast clouds
55,Punta Arenas,CL,-53.15,-70.9167,41.11,75,0,10.36,clear sky
56,Hambantota,LK,6.1241,81.1185,79.02,83,99,28.12,overcast clouds
57,Shirokiy,RU,49.758,129.523,55.45,93,100,17.67,light rain
58,Denpasar,ID,-8.65,115.2167,80.26,78,40,10.36,scattered clouds
59,Atuona,PF,-9.8,-139.0333,78.15,72,10,17.43,clear sky
60,Sur,OM,22.5667,59.5289,82.65,68,6,10.45,clear sky
61,Butaritari,KI,3.0707,172.7902,83.89,74,100,15.01,light rain
62,Ponta Do Sol,PT,32.6667,-17.1,70.43,72,46,3.85,scattered clouds
63,Yar-Sale,RU,66.8333,70.8333,32.0,85,1,6.91,clear sky
64,Grindavik,IS,63.8424,-22.4338,39.67,87,90,33.38,overcast clouds
65,Loreto,MX,22.2667,-101.9667,74.93,38,37,4.16,scattered clouds
66,Beaverlodge,CA,55.2166,-119.4361,60.15,46,81,9.15,broken clouds
67,New Norfolk,AU,-42.7826,147.0587,53.74,54,31,3.67,scattered clouds
68,Khatanga,RU,71.9667,102.5,27.16,95,77,9.1,broken clouds
69,Klaksvik,FO,62.2266,-6.589,50.92,84,100,19.01,overcast clouds
70,San Quintin,MX,30.4833,-115.95,69.64,71,0,13.04,clear sky
71,Dhanaura,IN,28.9667,78.25,75.88,79,1,2.51,clear sky
72,Ocotal,NI,13.6321,-86.4752,70.92,92,79,3.6,broken clouds
73,Airai,TL,-8.9266,125.4092,72.27,39,40,2.19,scattered clouds
74,Bluff,NZ,-46.6,168.3333,48.79,53,40,5.73,scattered clouds
75,Hasaki,JP,35.7333,140.8333,73.8,61,14,17.6,few clouds
76,San Jose,US,37.3394,-121.895,78.44,54,75,1.99,smoke
77,Saint George,US,37.1041,-113.5841,90.43,22,1,3.0,clear sky
78,Salalah,OM,17.0151,54.0924,80.69,89,40,3.44,scattered clouds
79,Bethel,US,41.3712,-73.414,65.91,75,1,5.75,clear sky
80,Castro,BR,-24.7911,-50.0119,64.49,68,34,3.11,scattered clouds
81,Sheltozero,RU,61.3667,35.3667,48.04,92,61,5.93,broken clouds
82,Barrow,US,71.2906,-156.7887,21.22,86,1,8.05,clear sky
83,Ulyanovsk,RU,54.0,48.0,49.1,83,100,11.79,overcast clouds
84,Bell Ville,AR,-32.6259,-62.6887,62.8,50,0,7.92,clear sky
85,Tuktoyaktuk,CA,69.4541,-133.0374,33.8,86,75,16.11,light rain
86,Zheshart,RU,62.0731,49.5733,40.6,96,100,8.03,overcast clouds
87,Baglan,AF,36.1307,68.7083,70.16,17,0,3.18,clear sky
88,Dakar,SN,14.6937,-17.4441,81.48,76,80,8.3,broken clouds
89,Chokurdakh,RU,70.6333,147.9167,26.83,93,100,16.35,light snow
90,Prado,BR,-17.3411,-39.2208,73.56,77,77,11.01,broken clouds
91,Hithadhoo,MV,-0.6,73.0833,82.33,74,100,17.78,overcast clouds
92,Naryan-Mar,RU,67.6713,53.087,39.61,78,100,11.83,overcast clouds
93,Jamestown,US,42.097,-79.2353,61.92,74,90,1.01,overcast clouds
94,Hermanus,ZA,-34.4187,19.2345,59.9,89,87,6.17,overcast clouds
95,Qaanaaq,GL,77.484,-69.3632,19.22,60,19,8.59,few clouds
96,Georgetown,MY,5.4112,100.3354,76.95,95,20,3.44,few clouds
97,Longyearbyen,SJ,78.2186,15.6401,37.24,93,75,10.36,light intensity drizzle
98,Oranjemund,NA,-28.55,16.4333,56.05,97,44,6.49,scattered clouds
99,Comodoro Rivadavia,AR,-45.8667,-67.5,44.46,49,0,9.22,clear sky
100,Hailey,US,43.5196,-114.3153,76.86,16,1,10.36,clear sky
101,Paamiut,GL,61.994,-49.6678,34.11,73,7,2.73,clear sky
102,Vaini,TO,-21.2,-175.2,77.16,73,75,6.91,broken clouds
103,Upernavik,GL,72.7868,-56.1549,23.95,64,0,3.78,clear sky
104,Warrnambool,AU,-38.3833,142.4833,56.8,60,99,14.5,overcast clouds
105,Mendi,PG,-6.1761,143.6513,67.89,70,52,2.89,broken clouds
106,Biloela,AU,-24.4167,150.5,74.25,53,72,14.18,broken clouds
107,Constitucion,CL,-35.3333,-72.4167,50.22,80,33,12.46,scattered clouds
108,Narsaq,GL,60.9167,-46.05,34.02,52,0,5.46,clear sky
109,Dikson,RU,73.5069,80.5464,35.71,86,83,22.62,broken clouds
110,Avarua,CK,-21.2078,-159.775,78.85,69,75,5.75,broken clouds
111,Bilibino,RU,68.0546,166.4372,29.86,97,100,13.29,snow
112,Port Elizabeth,ZA,-33.918,25.5701,62.89,94,40,11.5,scattered clouds
113,Necochea,AR,-38.5473,-58.7368,49.03,67,99,8.93,overcast clouds
114,Hsinchu,TW,24.8036,120.9686,86.92,78,1,1.99,clear sky
115,Guerrero Negro,MX,27.9769,-114.0611,72.61,66,8,18.54,clear sky
116,Mopti,ML,14.6667,-4.0,88.75,35,37,3.91,scattered clouds
117,Aykhal,RU,66.0,111.5,28.06,91,92,15.84,overcast clouds
118,Itamaraca,BR,-7.7478,-34.8256,75.88,85,48,15.46,scattered clouds
119,Kapaa,US,22.0752,-159.319,84.52,74,40,5.01,light rain
120,Nemuro,JP,43.3236,145.575,59.43,77,7,10.6,clear sky
121,Mount Isa,AU,-20.7333,139.5,85.77,11,2,10.36,clear sky
122,Ipameri,BR,-17.7219,-48.1597,78.15,41,62,6.76,broken clouds
123,Pevek,RU,69.7008,170.3133,30.72,95,100,21.97,snow
124,Marsaxlokk,MT,35.8419,14.5431,76.08,83,0,2.3,clear sky
125,Ayagoz,KZ,47.9714,80.4392,34.45,40,48,16.84,scattered clouds
126,Clinton,US,42.587,-82.9199,71.92,68,75,5.75,broken clouds
127,Talnakh,RU,69.4865,88.3972,33.08,52,76,8.28,broken clouds
128,Lavrentiya,RU,65.5833,-171.0,33.8,82,86,4.83,overcast clouds
129,Vilaka,LV,57.1846,27.6722,40.78,96,0,4.45,clear sky
130,Hobart,AU,-42.8794,147.3294,53.26,62,20,4.0,few clouds
131,San Juan,AR,-31.5375,-68.5364,64.67,24,0,7.65,clear sky
132,Hilo,US,19.7297,-155.09,91.27,86,90,11.5,light rain
133,Gizo,SB,-8.103,156.8419,84.02,68,95,3.4,overcast clouds
134,Carnarvon,AU,-24.8667,113.6333,65.79,57,0,10.8,clear sky
135,Caiaponia,BR,-16.9567,-51.8103,73.44,59,80,2.08,broken clouds
136,Khuzhir,RU,53.1939,107.3397,40.44,51,53,6.69,broken clouds
137,Havoysund,NO,70.9963,24.6622,49.08,91,100,26.35,overcast clouds
138,Namibe,AO,-15.1961,12.1522,62.19,89,23,3.29,few clouds
139,Tessalit,ML,20.1986,1.0114,87.26,15,2,9.73,clear sky
140,Chumikan,RU,54.7183,135.315,51.44,71,98,13.89,overcast clouds
141,Diego De Almagro,CL,-26.3667,-70.05,65.88,37,0,1.41,clear sky
142,Okhotsk,RU,59.3833,143.3,47.41,52,7,6.42,clear sky
143,Moree,AU,-29.4667,149.85,68.02,42,0,16.11,clear sky
144,Garhshankar,IN,31.2167,76.1333,75.92,83,0,2.95,clear sky
145,The Valley,AI,18.217,-63.0578,84.81,76,12,11.27,few clouds
146,Japura,ID,-0.3167,102.35,73.98,97,97,1.25,overcast clouds
147,Shihezi,CN,44.3,86.0333,51.89,28,35,4.65,scattered clouds
148,Bengkulu,ID,-3.8004,102.2655,75.49,90,99,4.65,overcast clouds
149,Awbari,LY,26.5921,12.7805,74.14,21,0,5.97,clear sky
150,Locri,IT,38.2414,16.2623,75.33,49,67,5.97,broken clouds
151,Ust-Nera,RU,64.5667,143.2,35.8,71,80,4.56,broken clouds
152,Sao Filipe,CV,14.8961,-24.4956,78.75,80,52,6.26,broken clouds
153,Ngunguru,NZ,-35.6167,174.5,60.17,64,100,9.98,overcast clouds
154,Portland,US,45.5234,-122.6762,76.6,47,75,4.0,broken clouds
155,Petropavlovsk-Kamchatskiy,RU,53.0452,158.6483,50.59,58,0,6.71,clear sky
156,Tanete,ID,-3.9443,119.7848,80.37,78,65,8.28,broken clouds
157,Bambous Virieux,MU,-20.3428,57.7575,68.22,82,85,20.8,light rain
158,Mahebourg,MU,-20.4081,57.7,68.25,82,84,20.98,light rain
159,Lakselv,NO,70.0513,24.9718,51.62,76,20,17.27,few clouds
160,Flinders,AU,-34.5833,150.8552,65.05,68,97,1.99,overcast clouds
161,Kolokani,ML,13.5728,-8.0339,73.47,82,91,5.21,overcast clouds
162,Midland,US,31.9974,-102.0779,87.35,31,1,9.22,clear sky
163,Kavieng,PG,-2.5744,150.7967,82.85,76,95,9.75,light rain
164,La Trinidad,PH,16.455,120.5875,70.14,73,46,1.12,scattered clouds
165,Sorland,NO,67.667,12.6934,53.17,87,99,16.13,overcast clouds
166,Poum,NC,-20.2333,164.0167,72.73,60,83,3.51,broken clouds
167,Ranong,TH,9.9658,98.6348,77.11,85,87,2.48,overcast clouds
168,Saint-Philippe,RE,-21.3585,55.7679,68.22,87,61,16.4,light rain
169,Sola,VU,-13.8833,167.55,78.87,79,28,16.35,scattered clouds
170,Ndjole,GA,-0.1783,10.7649,74.3,98,99,1.59,light rain
171,Pizarro,CO,4.9533,-77.366,78.93,87,74,6.62,light rain
172,Pangnirtung,CA,66.1451,-65.7125,32.29,77,17,1.88,few clouds
173,Port Hardy,CA,50.6996,-127.4199,57.74,80,64,25.39,light rain
174,Dandong,CN,40.1292,124.3947,63.77,90,100,3.71,overcast clouds
175,Avera,US,33.194,-82.5271,73.71,54,3,2.15,clear sky
176,Avdiyivka,UA,48.1399,37.7426,47.21,81,3,9.57,clear sky
177,Hondo,JP,32.45,130.2,74.95,71,18,6.49,few clouds
178,Road Town,VG,18.4167,-64.6167,83.19,73,3,9.93,clear sky
179,Jieshi,CN,22.8134,115.8257,83.95,72,22,10.8,few clouds
180,Avdon,RU,54.6667,55.7167,43.92,93,90,11.18,moderate rain
181,Uyuni,BO,-20.4597,-66.825,51.08,11,0,4.56,clear sky
182,Arraial Do Cabo,BR,-22.9661,-42.0278,71.26,85,82,23.94,broken clouds
183,Tasiilaq,GL,65.6145,-37.6368,33.96,71,50,4.05,scattered clouds
184,Tarauaca,BR,-8.1614,-70.7656,76.95,75,85,2.64,overcast clouds
185,Isangel,VU,-19.55,169.2667,75.6,63,60,8.52,broken clouds
186,Sitka,US,57.0531,-135.33,55.29,54,90,0.0,overcast clouds
187,Satao,PT,40.7418,-7.7329,59.04,97,100,2.46,overcast clouds
188,San Luis,AR,-33.295,-66.3356,59.86,37,1,16.28,clear sky
189,Ixtapa,MX,20.7,-105.2,85.23,80,59,4.0,broken clouds
190,Walvis Bay,NA,-22.9575,14.5053,56.08,96,7,5.66,clear sky
191,Yingkou,CN,40.6648,122.2283,64.2,94,100,5.39,moderate rain
192,Biak,ID,-0.9131,122.8766,79.54,72,100,5.61,light rain
193,Lompoc,US,34.6391,-120.4579,66.51,77,1,8.05,clear sky
194,Norman Wells,CA,65.282,-126.8329,34.48,79,95,5.88,overcast clouds
195,Minudasht,IR,37.2289,55.3747,63.25,77,50,2.24,scattered clouds
196,Tonstad,NO,58.6626,6.7169,61.93,89,98,8.46,overcast clouds
197,Fortuna,US,40.5982,-124.1573,74.43,64,20,5.01,few clouds
198,Kodiak,US,57.79,-152.4072,47.26,56,5,12.41,clear sky
199,Araouane,ML,18.9048,-3.5265,91.94,8,6,6.64,clear sky
200,Novouzensk,RU,50.4592,48.1431,50.09,87,100,7.61,overcast clouds
201,Kaitangata,NZ,-46.2817,169.8464,52.93,37,7,3.22,clear sky
202,Port Hueneme,US,34.1478,-119.1951,78.62,79,90,3.44,overcast clouds
203,Te Anau,NZ,-45.4167,167.7167,47.25,45,7,1.54,clear sky
204,Alamor,EC,-4.0181,-80.0197,63.52,75,99,3.94,overcast clouds
205,Havre-Saint-Pierre,CA,50.2334,-63.5986,57.56,100,90,13.8,mist
206,Souillac,MU,-20.5167,57.5167,68.36,84,83,19.17,light rain
207,Kassala,SD,15.451,36.4,79.32,63,10,5.32,clear sky
208,Ribeira Grande,PT,38.5167,-28.7,68.38,73,91,23.6,overcast clouds
209,Coquimbo,CL,-29.9533,-71.3436,55.13,94,0,5.75,clear sky
210,Maketu,NZ,-37.7667,176.45,62.02,73,34,7.38,scattered clouds
211,Tiksi,RU,71.6872,128.8694,33.75,95,100,6.44,light rain
212,Mikhaylovka,RU,50.06,43.2379,48.52,84,45,16.75,scattered clouds
213,Ahipara,NZ,-35.1667,173.1667,57.18,61,100,8.52,overcast clouds
214,Ilulissat,GL,69.2167,-51.1,7.34,81,2,5.19,clear sky
215,Charters Towers,AU,-20.1,146.2667,78.91,40,7,11.36,clear sky
216,Bubaque,GW,11.2833,-15.8333,83.53,80,100,11.43,overcast clouds
217,Voh,NC,-20.9667,164.7,78.69,45,23,9.31,few clouds
218,Ambilobe,MG,-13.2,49.05,67.75,73,6,3.24,clear sky
219,Olafsvik,IS,64.8945,-23.7142,39.83,74,100,38.77,overcast clouds
220,Opuwo,NA,-18.0607,13.84,68.68,38,1,5.99,clear sky
221,Vestmanna,FO,62.1564,-7.1664,49.12,100,75,11.5,broken clouds
222,Touros,BR,-5.1989,-35.4608,77.4,81,15,16.26,few clouds
223,Huesca,ES,42.1362,-0.4087,67.1,78,0,1.01,clear sky
224,Nhulunbuy,AU,-12.2333,136.7667,84.85,63,38,10.2,scattered clouds
225,Noumea,NC,-22.2763,166.4572,78.78,64,32,11.03,scattered clouds
226,Muros,ES,42.7762,-9.0603,67.23,85,95,19.46,overcast clouds
227,Port Blair,IN,11.6667,92.75,80.01,86,100,13.4,overcast clouds
228,Namatanai,PG,-3.6667,152.4333,84.67,67,62,4.23,light rain
229,Ciudad Bolivar,VE,8.1222,-63.5497,84.61,64,94,3.02,overcast clouds
230,Buala,SB,-8.145,159.5921,85.08,67,66,5.46,light rain
231,Seryshevo,RU,51.0933,128.3786,55.33,96,100,15.88,overcast clouds
232,Penzance,GB,50.1186,-5.5371,61.81,96,100,24.58,overcast clouds
233,Havelock,US,34.8791,-76.9013,68.95,81,0,4.03,clear sky
234,Otane,NZ,-39.8833,176.6333,50.09,89,94,7.14,light rain
235,Naze,JP,28.3667,129.4833,79.03,78,15,15.41,few clouds
236,Juazeiro,BR,-9.4117,-40.4986,80.71,53,23,22.3,few clouds
237,Faanui,PF,-16.4833,-151.75,79.88,69,13,12.39,few clouds
238,Tateyama,JP,34.9833,139.8667,76.1,67,17,17.85,few clouds
239,Morro Da Fumaca,BR,-28.6508,-49.21,64.89,95,0,3.44,clear sky
240,Seydi,TM,39.4816,62.9137,58.46,70,0,12.68,clear sky
241,East London,ZA,-33.0153,27.9116,65.35,86,29,16.4,scattered clouds
242,Kurilsk,RU,45.2333,147.8833,57.99,71,1,7.23,clear sky
243,Don Sak,TH,9.3168,99.6918,81.14,84,100,5.44,overcast clouds
244,Aklavik,CA,68.2191,-135.0107,32.97,86,93,3.09,overcast clouds
245,Bacolod,PH,10.6667,122.95,81.57,83,69,6.67,broken clouds
246,Sukumo,JP,32.9333,132.7333,70.14,90,78,7.83,broken clouds
247,San Cristobal,VE,7.7669,-72.225,68.36,86,83,3.38,broken clouds
248,Dudinka,RU,69.4058,86.1778,30.63,60,28,7.16,scattered clouds
249,Katsuura,JP,35.1333,140.3,76.19,66,17,19.91,few clouds
250,Egvekinot,RU,66.3167,-179.1667,26.28,70,11,2.28,few clouds
251,Kedrovyy,RU,56.1667,91.8167,30.61,94,77,4.12,broken clouds
252,Nam Som,TH,17.7704,102.1895,78.26,97,78,0.92,broken clouds
253,Karratha,AU,-20.7377,116.8463,71.89,40,5,12.57,clear sky
254,Kalga,RU,50.9251,118.898,39.97,79,4,12.71,clear sky
255,Antalaha,MG,-14.9003,50.2788,69.75,89,50,8.52,light rain
256,Leh,IN,34.1667,77.5833,52.07,32,0,3.56,clear sky
257,Vangaindrano,MG,-23.35,47.6,67.98,84,57,5.08,broken clouds
258,Conchal,BR,-22.3303,-47.1725,73.11,69,98,3.94,moderate rain
259,Iqaluit,CA,63.7506,-68.5145,34.7,80,37,17.0,scattered clouds
260,Dingle,PH,10.9995,122.6711,80.94,85,77,5.1,broken clouds
261,Solnechnyy,RU,50.7214,136.6319,57.29,61,79,5.84,broken clouds
262,Berdigestyakh,RU,62.0989,126.6992,37.0,79,100,10.22,overcast clouds
263,Mogadishu,SO,2.0371,45.3438,77.81,80,14,16.51,few clouds
264,San Patricio,US,28.017,-97.5169,84.92,56,25,12.3,scattered clouds
265,Komsomolskiy,UZ,40.4272,71.7189,65.12,27,0,6.91,clear sky
266,Lima,PE,-12.0432,-77.0282,59.25,86,90,1.01,overcast clouds
267,Kahului,US,20.8947,-156.47,84.22,81,40,25.32,scattered clouds
268,Kushiro,JP,42.975,144.3747,56.35,100,75,5.75,mist
269,Neiafu,TO,-18.65,-173.9833,79.48,57,75,5.75,broken clouds
270,Plattsburgh,US,44.6995,-73.4529,61.12,67,1,3.44,clear sky
271,Chuy,UY,-33.6971,-53.4616,57.63,93,2,5.57,clear sky
272,Nome,US,64.5011,-165.4064,36.16,69,90,12.66,overcast clouds
273,Kainantu,PG,-6.2887,145.8655,74.91,56,82,4.41,broken clouds
274,Palencia,ES,42.4167,-4.5,57.92,70,100,9.6,overcast clouds
275,Kieta,PG,-6.2167,155.6333,85.41,65,57,3.89,broken clouds
276,Saint-Louis,SN,16.3333,-15.0,85.03,53,77,10.67,broken clouds
277,Vila Franca Do Campo,PT,37.7167,-25.4333,70.2,93,100,7.31,overcast clouds
278,Nuuk,GL,64.1835,-51.7216,30.81,69,1,5.75,clear sky
279,Halifax,CA,44.6453,-63.5724,65.7,97,100,1.99,overcast clouds
280,Vagay,RU,57.9375,69.0217,29.66,93,14,6.44,few clouds
281,Samut Sakhon,TH,13.5833,100.3,80.06,82,100,3.58,overcast clouds
282,Camopi,GF,3.1655,-52.3158,76.51,77,100,4.25,overcast clouds
283,Rafai,CF,4.95,23.9167,67.78,98,100,1.52,overcast clouds
284,Tual,ID,-5.6667,132.75,80.64,82,99,12.5,overcast clouds
285,Leningradskiy,RU,69.3833,178.4167,28.38,77,98,7.29,overcast clouds
286,Kununurra,AU,-15.7667,128.7333,80.58,69,74,3.44,broken clouds
287,Sao Joao Da Barra,BR,-21.6403,-41.0511,73.02,81,68,18.5,broken clouds
288,Kamphaeng Phet,TH,16.25,99.5,72.59,97,100,1.72,overcast clouds
289,Teshie,GH,5.5836,-0.1072,76.91,86,98,10.45,light rain
290,Port Lincoln,AU,-34.7333,135.8667,63.73,49,73,16.33,broken clouds
291,Chicama,PE,-7.8447,-79.1469,59.54,81,41,5.99,scattered clouds
292,Saint Anthony,US,45.0205,-93.218,78.8,63,1,0.0,clear sky
293,Palaikastron,GR,35.2,26.25,73.74,69,0,16.13,clear sky
294,Zhengjiatun,CN,43.5064,123.5064,64.44,91,100,11.43,light rain
295,Ierapetra,GR,35.01,25.7353,74.14,53,10,4.0,clear sky
296,Mahajanga,MG,-15.7167,46.3167,68.02,68,20,2.3,few clouds
297,Holme,DK,56.1138,10.1725,59.76,89,86,12.41,overcast clouds
298,Kachug,RU,53.9606,105.8817,32.14,63,74,1.83,broken clouds
299,Nanortalik,GL,60.1432,-45.2371,37.08,80,6,1.25,clear sky
300,Abu Samrah,SY,35.3029,37.1841,69.46,31,51,2.59,broken clouds
301,Marfino,RU,55.7028,37.3822,50.09,91,75,8.95,broken clouds
302,Kalianget,ID,-7.05,113.9333,81.39,70,54,9.28,broken clouds
303,Kerman,IR,30.2832,57.0788,69.67,10,0,1.28,clear sky
304,Skaerbaek,DK,55.1573,8.769,61.38,93,90,6.51,overcast clouds
305,Nuzvid,IN,16.7833,80.85,75.33,96,100,4.12,heavy intensity rain
306,Americus,US,32.0724,-84.2327,71.73,78,1,0.0,clear sky
307,High Level,CA,58.5169,-117.136,47.25,70,100,9.28,light rain
308,Belmonte,BR,-15.8631,-38.8828,72.88,84,89,7.63,overcast clouds
309,Cesenatico,IT,44.1999,12.3991,69.69,91,77,8.99,broken clouds
310,Gornopravdinsk,RU,60.05,69.9,30.24,90,12,5.48,few clouds
311,Mount Pleasant,US,32.7941,-79.8626,75.0,74,40,1.99,scattered clouds
312,Mayo,US,38.8876,-76.5119,68.95,70,1,0.0,clear sky
313,Omboue,GA,-1.5746,9.2618,76.73,85,72,5.77,broken clouds
314,Campos,BR,-21.75,-41.3,72.27,78,78,11.92,broken clouds
315,Albania,AL,41.0,20.0,54.79,50,1,2.98,clear sky
316,Steamboat Springs,US,40.485,-106.8317,78.73,18,1,4.61,clear sky
317,Bossangoa,CF,6.4926,17.4552,69.44,97,73,3.06,light rain
318,Sembe,CG,1.6481,14.5806,69.12,97,73,1.97,light rain
319,Cidreira,BR,-30.1811,-50.2056,64.72,95,2,7.99,clear sky
320,Kudahuvadhoo,MV,2.6708,72.8944,82.18,68,100,19.53,overcast clouds
321,Zhigansk,RU,66.7697,123.3711,34.88,77,71,21.63,broken clouds
322,Hosakote,IN,14.2769,77.1699,72.36,82,100,13.91,moderate rain
323,Mangai,CD,-4.05,19.5333,70.97,93,100,1.23,light rain
324,Krasnyy Yar,RU,46.5331,48.3456,55.33,71,79,17.58,broken clouds
325,Codrington,AU,-38.2667,141.9667,58.62,60,76,10.96,broken clouds
326,Acari,PE,-15.4311,-74.6158,66.54,74,27,4.36,scattered clouds
327,Bridlington,GB,54.0831,-0.1919,62.78,81,79,15.5,broken clouds
328,Nkayi,CG,-4.1841,13.2884,77.45,77,100,2.66,overcast clouds
329,Verkh-Usugli,RU,52.7,115.1667,36.86,72,14,10.63,few clouds
330,Chapais,CA,49.7834,-74.8492,49.78,89,99,4.12,overcast clouds
331,Chemainus,CA,48.9163,-123.7194,56.86,96,100,7.61,moderate rain
332,Beringovskiy,RU,63.05,179.3167,36.86,87,97,1.32,overcast clouds
333,Gweta,BW,-20.1833,25.2333,66.06,19,0,8.25,clear sky
334,Parrita,CR,9.5201,-84.3225,83.07,96,100,3.38,overcast clouds
335,Natal,BR,-5.795,-35.2094,77.04,80,24,14.05,few clouds
336,Loubomo,CG,-4.1997,12.6739,72.93,87,99,3.49,overcast clouds
337,Gardabani,GE,41.4605,45.0928,53.69,78,0,5.88,clear sky
338,Los Llanos De Aridane,ES,28.6585,-17.9182,71.35,87,90,10.36,overcast clouds
339,Pontes E Lacerda,BR,-15.2261,-59.3353,77.43,68,54,2.91,broken clouds
340,Maple Creek,CA,49.9168,-109.4848,81.64,17,31,17.45,scattered clouds
341,Teahupoo,PF,-17.8333,-149.2667,78.76,78,16,14.58,few clouds
342,Deputatskiy,RU,69.3,139.9,28.54,84,100,9.93,light snow
343,Nelson Bay,AU,-32.7167,152.15,67.08,53,14,1.99,few clouds
344,Staryy Nadym,RU,65.6118,72.6842,32.45,80,1,4.41,clear sky
345,Hamilton,US,39.1834,-84.5333,68.76,58,1,4.61,clear sky
346,Mackay,AU,-21.15,149.2,78.04,67,16,15.46,few clouds
347,Nantucket,US,41.2835,-70.0995,66.96,61,6,22.95,clear sky
348,Kihurio,TZ,-4.4667,38.0667,65.79,84,43,1.21,scattered clouds
349,Kalmunai,LK,7.4167,81.8167,79.25,78,100,6.11,overcast clouds
350,Khvorostyanka,RU,52.6096,48.9597,51.21,89,100,6.67,light rain
351,Adeje,ES,28.1227,-16.726,75.74,60,20,17.27,few clouds
352,Dalvik,IS,65.9702,-18.5286,36.82,98,100,14.54,overcast clouds
353,Bratsk,RU,56.1325,101.6142,27.09,92,77,6.85,broken clouds
354,Ekibastuz,KZ,51.6667,75.3667,34.47,59,91,14.09,overcast clouds
355,San Jeronimo,PE,-11.9472,-75.2829,54.18,67,73,5.39,broken clouds
356,Benjamin Constant,BR,-4.3831,-70.0311,78.85,89,0,2.3,clear sky
357,Katherine,AU,-14.4667,132.2667,84.52,58,77,8.05,broken clouds
358,Cortez,US,37.3489,-108.5859,66.96,42,1,3.44,clear sky
359,Batemans Bay,AU,-35.7167,150.1833,63.19,45,68,7.14,broken clouds
360,Antofagasta,CL,-23.65,-70.4,56.48,84,45,4.03,scattered clouds
361,Bonnyville,CA,54.2668,-110.735,69.21,38,100,11.25,overcast clouds
362,Seymchan,RU,62.8833,152.4333,37.09,61,43,3.96,scattered clouds
363,Aketi,CD,2.7388,23.7833,67.55,99,99,1.52,overcast clouds
364,Yulara,AU,-25.2406,130.9889,79.34,16,86,11.43,overcast clouds
365,Onguday,RU,50.75,86.15,20.44,95,29,1.57,scattered clouds
366,Cayenne,GF,4.9333,-52.3333,83.08,77,47,3.0,scattered clouds
367,Alpatovo,RU,43.7028,45.2415,54.37,60,0,5.73,clear sky
368,Hervey Bay,AU,-25.2986,152.8535,72.01,66,86,21.05,overcast clouds
369,Rybnoye,RU,54.7256,39.5119,47.7,92,100,12.71,overcast clouds
370,Mildura,AU,-34.2,142.15,68.07,29,75,5.75,broken clouds
371,Orbetello,IT,42.4408,11.2196,75.61,93,72,13.02,broken clouds
372,Riberalta,BO,-10.9833,-66.1,84.2,51,87,1.74,overcast clouds
373,College,US,64.8569,-147.8028,36.59,73,75,3.44,broken clouds
374,Apollonia,GR,36.9716,24.7231,71.91,73,0,13.35,clear sky
375,Praia,CV,14.9215,-23.5087,78.64,80,38,7.99,scattered clouds
376,Byron Bay,AU,-28.65,153.6167,67.05,61,98,9.98,overcast clouds
377,Gabu,GW,12.2833,-14.2167,77.92,86,100,0.58,overcast clouds
378,Imbituba,BR,-28.24,-48.6703,70.83,94,1,8.5,clear sky
379,Tabou,CI,4.423,-7.3528,74.95,88,100,1.5,light rain
380,Catamarca,AR,-28.4696,-65.7852,73.49,34,0,1.41,clear sky
381,Asau,RO,46.4333,26.4,56.32,87,0,1.81,light rain
382,Mananjary,MG,-21.2167,48.3333,66.15,88,26,2.46,light rain
383,Champerico,GT,14.3,-91.9167,85.35,76,86,0.83,overcast clouds
384,Broome,US,42.2506,-75.833,59.58,66,90,5.75,overcast clouds
385,Mbabane,SZ,-26.3167,31.1333,55.71,70,0,2.28,clear sky
386,Samarai,PG,-10.6167,150.6667,79.48,86,84,12.21,broken clouds
387,Koumac,NC,-20.5667,164.2833,75.63,53,47,9.84,scattered clouds
388,Beloha,MG,-25.1667,45.05,70.11,66,12,8.03,few clouds
389,Vila Velha,BR,-20.3297,-40.2925,73.35,78,75,8.05,broken clouds
390,Kruisfontein,ZA,-34.0033,24.7314,56.88,94,69,7.07,broken clouds
391,Shimoda,JP,34.6667,138.95,67.1,71,9,18.81,clear sky
392,Damietta,EG,31.4165,31.8133,75.29,67,15,7.74,few clouds
393,Luena,AO,-11.7833,19.9167,61.29,36,82,4.05,broken clouds
394,Odweyne,SO,9.4092,45.064,76.71,51,75,9.93,broken clouds
395,Magdagachi,RU,53.45,125.8,55.69,93,100,8.84,light rain
396,Pierre,US,44.3683,-100.351,88.0,36,1,1.01,clear sky
397,Monduli,TZ,-3.3,36.45,58.55,75,34,7.38,scattered clouds
398,Panaba,MX,21.2833,-88.2667,82.36,70,60,12.39,broken clouds
399,La Ronge,CA,55.1001,-105.2842,54.73,70,90,6.15,overcast clouds
400,Sault Sainte Marie,CA,46.5168,-84.3333,61.09,72,75,6.91,broken clouds
401,Neyshabur,IR,36.2133,58.7958,62.76,50,0,3.49,clear sky
402,Broken Hill,AU,-31.95,141.4333,63.77,23,61,11.07,broken clouds
403,Letterkenny,IE,54.95,-7.7333,49.28,95,100,3.09,overcast clouds
404,Sabang,ID,5.8933,95.3214,81.21,77,100,19.19,overcast clouds
405,Jalu,LY,29.0331,21.5482,70.21,64,0,8.84,clear sky
406,Radnevo,BG,42.3,25.9333,66.51,65,0,4.81,clear sky
407,Katav-Ivanovsk,RU,54.7531,58.1956,38.77,83,100,7.27,overcast clouds
408,Ahuimanu,US,21.4447,-157.8378,89.31,64,40,23.02,scattered clouds
409,Burnie,AU,-41.0667,145.9167,49.73,71,72,5.46,broken clouds
410,Marzuq,YE,14.4,46.4667,75.31,15,6,2.84,clear sky
411,Roald,NO,62.5833,6.1333,62.11,88,90,3.44,overcast clouds
412,Soverato,IT,38.685,16.5499,64.35,49,65,5.5,broken clouds
413,Moindou,NC,-21.6924,165.677,78.75,50,72,7.4,broken clouds
414,Hwange,ZW,-18.3693,26.5019,69.13,28,0,2.48,clear sky
415,Tutoia,BR,-2.7619,-42.2744,79.47,84,47,11.03,scattered clouds
416,Mosquera,CO,4.7059,-74.2302,59.09,44,37,9.22,scattered clouds
417,Roebourne,AU,-20.7833,117.1333,72.52,38,5,12.95,clear sky
418,Ladario,BR,-19.0047,-57.6017,77.02,54,83,3.58,broken clouds
419,Lasa,IT,46.6166,10.7002,59.02,95,91,3.85,overcast clouds
420,Tuatapere,NZ,-46.1333,167.6833,48.81,44,5,0.81,clear sky
421,Molepolole,BW,-24.4066,25.4951,68.9,30,5,7.52,clear sky
422,Istanbul,TR,41.0351,28.9833,63.82,72,0,6.91,clear sky
423,Truth Or Consequences,US,33.1284,-107.2528,75.9,53,1,6.91,clear sky
424,Villa Bruzual,VE,9.3328,-69.1208,77.0,84,89,3.47,overcast clouds
425,Coffs Harbour,AU,-30.3,153.1333,64.36,67,90,9.22,overcast clouds
426,Lieksa,FI,63.3167,30.0167,43.45,89,67,1.03,broken clouds
427,Misratah,LY,32.3754,15.0925,74.52,66,76,6.91,broken clouds
428,Dingzhou,CN,38.5131,114.9956,64.47,85,83,3.09,light rain
429,Mandalgovi,MN,45.7625,106.2708,44.11,32,0,9.04,clear sky
430,Cabo San Lucas,MX,22.8909,-109.9124,88.52,72,15,6.67,few clouds
431,Port Moresby,PG,-9.4431,147.1797,83.28,73,45,5.48,scattered clouds
432,Vardo,NO,70.3705,31.1107,47.68,86,100,23.53,overcast clouds
433,High Rock,BS,26.6208,-78.2833,80.62,61,4,15.12,clear sky
434,Alofi,NU,-19.0595,-169.9187,74.71,54,51,3.85,broken clouds
435,Malartic,CA,48.1335,-78.1328,49.01,90,48,5.55,scattered clouds
436,Darhan,MN,49.4867,105.9228,40.41,64,83,2.62,broken clouds
437,Katubao,PH,5.8892,124.8294,83.61,69,99,0.87,overcast clouds
438,Waddan,LY,29.1614,16.139,70.45,61,4,8.86,clear sky
439,Stornoway,GB,58.2093,-6.3865,51.93,93,40,9.22,scattered clouds
440,Hajipur,IN,25.6833,85.2167,76.98,88,20,0.0,mist
441,Norfolk,US,42.1668,-71.2495,64.51,73,1,5.75,clear sky
442,Borba,BR,-4.3878,-59.5939,76.8,81,55,2.86,broken clouds
443,Svirstroy,RU,60.7999,33.7248,43.34,97,61,3.98,broken clouds
444,Do Gonbadan,IR,30.3586,50.7981,75.11,19,0,2.82,clear sky
445,Sisimiut,GL,66.9395,-53.6735,26.37,53,0,7.67,clear sky
446,Senador Guiomard,BR,-10.1522,-67.7392,80.71,60,77,3.11,broken clouds
447,Trelew,AR,-43.249,-65.3051,53.31,19,25,7.2,scattered clouds
448,Velyka Mykhaylivka,UA,47.0794,29.8514,53.91,66,38,6.13,scattered clouds
449,Alyangula,AU,-13.8483,136.4192,83.23,62,85,4.32,overcast clouds
450,Daru,PG,-9.0763,143.2092,80.24,83,97,13.42,overcast clouds
451,Sovetskiy,RU,61.3614,63.5842,29.75,92,93,6.17,overcast clouds
452,Krasnovishersk,RU,60.4078,57.082,37.17,71,100,7.4,overcast clouds
453,Demidov,RU,55.2706,31.515,45.82,93,90,7.7,overcast clouds
454,Khorinsk,RU,52.1657,109.7726,34.43,73,94,3.67,overcast clouds
455,Luanda,AO,-8.8368,13.2343,71.96,87,74,9.42,broken clouds
456,Vikhorevka,RU,56.1201,101.1636,27.99,93,89,4.14,overcast clouds
457,Iskateley,RU,67.6803,53.1512,39.51,78,100,11.83,overcast clouds
458,Pisco,PE,-13.7,-76.2167,60.85,82,0,13.8,clear sky
459,Adrar,MR,20.5022,-10.0711,93.31,11,2,10.2,clear sky
460,Srimushnam,IN,11.4,79.4167,81.09,67,100,11.5,overcast clouds
461,Makaha,US,21.4694,-158.2175,89.51,61,20,12.66,few clouds
462,Kaz,RU,52.9113,87.3105,29.35,98,100,5.01,light snow
463,Dale,US,38.1689,-86.99,69.98,49,1,3.44,clear sky
464,Dubbo,AU,-32.25,148.6167,60.93,51,32,16.11,scattered clouds
465,Ulaangom,MN,49.9811,92.0667,33.66,36,93,6.24,overcast clouds
466,Lagoa,PT,39.05,-27.9833,66.78,66,78,20.85,broken clouds
467,Oistins,BB,13.0667,-59.5333,80.69,89,40,12.66,scattered clouds
468,Soyo,AO,-6.1349,12.3689,75.13,87,88,7.49,overcast clouds
469,Sabha,LY,27.0377,14.4283,72.41,26,0,9.4,clear sky
470,Gambela,ET,8.25,34.5833,67.05,92,70,3.74,broken clouds
471,Uvat,RU,59.1433,68.8953,29.3,92,17,5.66,few clouds
472,Kathu,TH,7.9178,98.3332,75.02,79,99,3.53,overcast clouds
473,Peniche,PT,39.3558,-9.3811,66.61,92,100,6.4,overcast clouds
474,Eyl,SO,7.9803,49.8164,80.13,71,80,17.58,broken clouds
475,Presidente Medici,BR,-11.1753,-61.9014,83.41,54,82,1.52,broken clouds
476,Zverinogolovskoye,RU,54.4586,64.8542,40.77,49,100,23.11,overcast clouds
477,Gladstone,AU,-23.85,151.25,79.79,60,75,16.11,broken clouds
478,Kysyl-Syr,RU,63.8986,122.7617,33.03,80,99,8.55,overcast clouds
479,Meulaboh,ID,4.1363,96.1285,75.16,90,100,4.99,overcast clouds
480,Abalak,RU,58.1286,68.5944,29.32,92,16,7.25,few clouds
481,Altay,CN,47.8667,88.1167,36.45,42,80,2.59,broken clouds
482,Karatu,TZ,-3.3333,35.6667,60.49,67,40,4.52,scattered clouds
483,Turukhansk,RU,65.8167,87.9833,33.06,85,34,6.2,scattered clouds
484,Phan Thiet,VN,10.9333,108.1,78.55,86,70,5.19,broken clouds
485,Tahe,CN,52.3333,124.7333,55.67,84,83,8.97,broken clouds
486,Grand Gaube,MU,-20.0064,57.6608,68.38,90,58,11.99,light rain
487,Srednekolymsk,RU,67.45,153.6833,33.67,97,100,17.25,light rain
488,Bagdarin,RU,54.4333,113.6,36.66,73,98,5.39,overcast clouds
489,Joao Pinheiro,BR,-17.7425,-46.1725,72.39,58,56,12.15,broken clouds
490,Port Pirie,AU,-33.1833,138.0167,71.69,23,56,9.28,broken clouds
491,Immokalee,US,26.4187,-81.4173,85.91,75,1,9.22,clear sky
492,Ponazyrevo,RU,58.3578,46.3142,45.16,95,100,7.76,overcast clouds
493,Belaya Gora,RU,68.5333,146.4167,31.03,79,100,14.41,overcast clouds
494,Iglesias,IT,39.3114,8.535,74.79,91,69,3.74,broken clouds
495,Becerril,CO,9.7041,-73.2793,78.78,83,89,4.29,overcast clouds
496,Aksarka,RU,66.5606,67.7975,29.48,87,22,7.54,few clouds
497,Mundo Nuevo,MX,18.7,-95.5,80.91,75,86,9.4,overcast clouds
498,Kaeo,NZ,-35.1,173.7833,60.33,63,98,3.62,light rain
499,Poronaysk,RU,49.2167,143.1167,55.51,63,71,2.53,broken clouds
500,Cockburn Town,TC,21.4612,-71.1419,83.52,72,1,9.08,clear sky
501,Tak,TH,16.5833,98.8333,68.14,98,100,1.88,overcast clouds
502,Kiunga,PG,-6.1219,141.2906,76.8,94,100,1.83,overcast clouds
503,Kupang,ID,-10.1667,123.5833,82.98,69,20,11.5,few clouds
504,Berbera,SO,10.4396,45.0143,87.64,66,39,5.46,scattered clouds
505,Tondano,ID,1.3038,124.9112,71.69,69,99,3.98,overcast clouds
506,Coihaique,CL,-45.5752,-72.0662,40.95,81,75,6.91,light intensity shower rain
507,Palana,RU,59.1167,159.9667,44.71,71,98,5.48,overcast clouds
508,Huarmey,PE,-10.0681,-78.1522,63.7,85,43,6.06,scattered clouds
509,Saint-Pierre,RE,-21.3393,55.4781,68.29,77,0,5.75,light rain
510,Iquitos,PE,-3.7481,-73.2472,78.84,83,0,0.0,clear sky
511,Tahta,EG,26.7693,31.5021,75.63,39,7,7.09,clear sky
512,Goure,NE,13.9835,10.2704,86.02,17,19,4.92,few clouds
513,Saint-Junien,FR,45.8833,0.9,59.94,99,89,3.18,overcast clouds
514,Ladnun,IN,27.65,74.3833,79.27,77,19,7.99,few clouds
515,Vanderhoof,CA,54.0166,-124.0198,65.01,52,52,3.85,broken clouds
516,Luebo,CD,-5.35,21.4167,71.35,87,99,1.54,light rain
517,Caravelas,BR,-17.7125,-39.2481,73.24,75,63,9.17,broken clouds
518,Simbahan,PH,6.3032,120.5836,83.14,74,99,7.09,overcast clouds
519,Kantabanji,IN,20.4833,82.9167,73.81,95,98,15.3,overcast clouds
520,Aplahoue,BJ,6.9333,1.6833,72.66,95,96,1.99,light rain
521,Nortelandia,BR,-14.4547,-56.8028,77.95,69,90,2.39,light rain
522,Jiayuguan,CN,39.8167,98.3,59.63,25,79,6.55,broken clouds
523,Acarau,BR,-2.8856,-40.12,78.96,82,63,18.86,broken clouds
524,Culpeper,US,38.5004,-77.9664,65.82,79,1,0.0,clear sky
525,Lata,PT,40.1629,-8.3327,64.04,96,100,1.21,overcast clouds
526,Acapulco,MX,16.8634,-99.8901,85.82,66,90,4.61,overcast clouds
527,Lapua,FI,62.9693,23.0088,45.46,85,34,5.46,scattered clouds
528,Husavik,IS,66.0449,-17.3389,37.53,98,100,34.49,moderate rain
529,Homer,US,59.6425,-151.5483,48.78,53,1,5.75,clear sky
530,Winslow,US,35.0242,-110.6974,63.97,72,90,1.01,overcast clouds
531,Dickinson,US,29.4608,-95.0513,81.16,73,20,1.01,few clouds
532,Manta,EC,-0.95,-80.7333,72.21,81,98,11.3,overcast clouds
533,Tautira,PF,-17.7333,-149.15,84.22,78,14,13.71,few clouds
534,Bathsheba,BB,13.2167,-59.5167,81.21,89,40,12.66,scattered clouds
535,Voznesenye,RU,61.0106,35.4781,46.49,93,43,5.28,scattered clouds
536,Morondava,MG,-20.2833,44.2833,72.84,81,0,8.39,clear sky
537,Mkushi,ZM,-13.6202,29.3939,65.86,49,56,4.65,broken clouds
538,Deloraine,AU,-41.5333,146.6667,47.7,68,58,1.99,broken clouds
539,Jaypur,IN,18.85,82.5833,72.7,93,100,17.65,heavy intensity rain
540,Norilsk,RU,69.3535,88.2027,32.45,60,66,6.46,broken clouds
541,Nalut,LY,30.3333,10.85,77.31,24,82,9.62,broken clouds
542,Hay River,CA,60.8156,-115.7999,43.47,70,93,8.7,overcast clouds
543,Aanekoski,FI,62.6946,25.818,42.85,100,82,3.47,broken clouds
544,Yumen,CN,40.2833,97.2,58.6,22,44,12.1,scattered clouds
545,Xiuyan,CN,40.2928,123.2744,61.9,98,100,1.66,moderate rain
546,Raudeberg,NO,61.9875,5.1352,57.87,89,89,10.76,overcast clouds
547,Colesberg,ZA,-30.72,25.0972,65.48,13,0,3.91,clear sky
548,Naugachhia,IN,25.4,87.1,80.8,83,69,1.61,broken clouds
549,Kenora,CA,49.8167,-94.4337,64.38,53,35,4.83,scattered clouds
550,Myitkyina,MM,25.3833,97.4,72.64,90,43,2.06,scattered clouds
551,Korla,CN,41.7597,86.1469,58.95,29,0,3.85,clear sky
552,Samfya,ZM,-11.3649,29.5565,74.37,35,98,10.27,overcast clouds
553,Ponta Delgada,PT,37.7333,-25.6667,70.5,88,75,8.05,broken clouds
554,Losal,IN,27.4,74.9167,77.14,82,23,7.92,few clouds
555,Shenjiamen,CN,29.9576,122.298,77.86,84,38,8.52,scattered clouds
556,Oranjestad,AW,12.524,-70.027,84.9,81,20,5.99,few clouds
557,Shevchenkove,UA,49.6959,37.1735,47.98,89,15,12.41,few clouds
558,Lock Haven,US,41.137,-77.4469,61.84,83,20,4.61,few clouds
559,Baisha,CN,26.5222,110.9311,79.38,78,51,0.49,broken clouds
560,Lai,TD,9.3952,16.2989,74.25,86,75,1.66,broken clouds
561,Grayvoron,RU,50.4767,35.6773,49.08,94,10,11.01,clear sky
562,Kapoeta,SS,4.7717,33.5903,72.91,82,67,4.61,broken clouds
563,Quatre Cocos,MU,-20.2078,57.7625,68.09,82,83,20.29,light rain
564,Agadir,MA,30.4202,-9.5982,66.65,58,1,4.59,clear sky
565,Sao Felix Do Xingu,BR,-6.6447,-51.995,80.64,57,52,1.45,broken clouds
566,Yeppoon,AU,-23.1333,150.7333,73.62,60,83,15.88,broken clouds
567,Zhanaozen,KZ,43.3,52.8,56.05,70,4,12.46,clear sky
568,Yazykovo,RU,55.2199,56.1353,41.81,85,100,17.58,light rain
569,Tarsus,TR,36.9188,34.8784,66.07,38,1,3.62,clear sky
570,Lovington,US,32.944,-103.3485,84.33,28,53,4.0,broken clouds
571,Chateaudun,FR,48.0833,1.3333,60.94,100,20,9.22,few clouds
572,Fort Nelson,CA,58.8053,-122.7002,44.8,83,100,3.2,light rain
573,Qinhuangdao,CN,39.9317,119.5883,68.38,87,97,5.26,light rain
574,Mujiayingzi,CN,42.1167,118.7833,60.06,77,20,3.87,few clouds
575,Priladozhskiy,RU,59.85,31.4833,47.86,65,42,6.08,scattered clouds
576,Kluczbork,PL,50.9728,18.2182,56.98,84,60,8.55,broken clouds
577,Asfi,MA,32.2994,-9.2372,69.39,79,89,12.93,overcast clouds
578,Mercedes,AR,-34.6515,-59.4307,69.85,75,53,8.32,broken clouds
579,Vavozh,RU,56.7751,51.931,45.09,90,100,13.22,moderate rain
580,Yuksekova,TR,37.5736,44.2872,46.38,46,0,4.27,clear sky
581,Margate,GB,51.3813,1.3862,59.7,98,82,12.59,broken clouds
582,Kildare,IE,53.1561,-6.9144,51.98,96,100,4.61,heavy intensity rain
583,Dannenberg,DE,53.0967,11.09,66.36,91,77,2.68,broken clouds
584,Montepuez,MZ,-13.1256,38.9997,66.16,82,7,1.05,clear sky
585,Gallup,US,35.5281,-108.7426,66.96,60,1,1.01,clear sky
586,Puerto Escondido,MX,15.85,-97.0667,79.63,61,40,5.75,scattered clouds
587,Port Macquarie,AU,-31.4333,152.9167,65.89,47,98,5.21,overcast clouds
588,Baherden,TM,38.4362,57.4316,58.32,71,10,1.36,clear sky
589,Wajir,KE,1.7471,40.0573,75.81,60,3,14.18,clear sky
590,Boguchany,RU,58.3814,97.4531,36.72,94,100,7.07,overcast clouds
591,Perth,AU,-31.9333,115.8333,59.67,96,75,9.22,broken clouds
592,Mitsamiouli,KM,-11.3847,43.2844,74.91,74,5,3.53,clear sky
593,Rawson,AR,-43.3002,-65.1023,52.39,32,24,3.94,few clouds
594,Limbang,MY,4.75,115.0,80.71,89,54,2.19,broken clouds
595,Rock Springs,US,41.5875,-109.2029,78.24,16,1,3.0,clear sky
596,Oussouye,SN,12.485,-16.5469,81.03,86,100,5.41,overcast clouds
597,Wynyard,AU,-41.0,145.7167,50.09,72,68,6.2,broken clouds
598,Henties Bay,NA,-22.116,14.2845,55.85,93,0,4.21,clear sky
599,Porto Walter,BR,-8.2686,-72.7439,78.73,68,73,2.39,broken clouds
600,Victor Harbor,AU,-35.5667,138.6167,70.81,68,96,1.01,overcast clouds
601,Cap Malheureux,MU,-19.9842,57.6142,68.47,90,52,11.99,light rain
602,Merrill,US,45.1805,-89.6835,65.12,82,1,3.44,clear sky
603,Nosy Varika,MG,-20.5833,48.5333,65.03,89,11,2.95,light rain
604,Vao,NC,-22.6667,167.4833,68.38,64,96,5.23,overcast clouds
605,Itarema,BR,-2.9248,-39.9167,78.91,82,48,17.65,scattered clouds
606,Okakarara,NA,-20.5833,17.4333,64.67,17,4,3.62,clear sky
607,Hvide Sande,DK,56.0045,8.1294,61.09,94,84,11.97,broken clouds
608,Ambagarh Chauki,IN,20.7833,80.7167,73.92,96,100,10.89,overcast clouds
609,Nzerekore,GN,7.7562,-8.8179,69.13,99,100,4.05,light rain
610,Panjab,AF,34.388,67.0233,46.15,17,0,6.22,clear sky
611,Kavaratti,IN,10.5669,72.642,81.28,79,100,25.37,light rain
612,Dolores,AR,-36.3132,-57.6792,52.59,68,91,13.87,overcast clouds
613,Port Augusta,AU,-32.5,137.7667,71.74,21,72,8.72,broken clouds
614,Wajima,JP,37.4,136.9,71.38,75,2,1.36,clear sky
615,Quelimane,MZ,-17.8786,36.8883,70.52,94,0,2.62,clear sky
616,Challapata,BO,-18.9,-66.7667,54.68,20,0,2.71,clear sky
617,Selfoss,IS,63.9331,-20.9971,41.04,90,99,13.71,overcast clouds
618,Vagur,FO,61.4732,-6.8119,50.25,86,100,15.84,overcast clouds
619,Lernapat,AM,40.8163,44.3926,35.87,63,0,4.36,clear sky
620,Cairo,EG,30.0626,31.2497,74.71,44,13,8.05,few clouds
621,Napier,NZ,-39.4833,176.9167,52.25,73,97,2.84,overcast clouds
622,Diffa,NE,13.3154,12.6113,86.32,21,73,6.73,broken clouds
623,Lensk,RU,60.7253,114.9278,34.3,99,100,5.91,moderate rain
624,Sao Jose Da Coroa Grande,BR,-8.8978,-35.1478,76.17,84,18,14.47,few clouds
625,Pingliang,CN,35.5392,106.6861,58.75,76,100,3.27,overcast clouds
626,Ryotsu,JP,38.0833,138.4333,69.28,68,15,5.37,few clouds
627,Lithakia,GR,37.7167,20.8333,69.58,67,0,5.46,clear sky
628,Istmina,CO,5.1605,-76.684,75.56,97,98,2.86,light rain
629,Jonkoping,SE,57.7814,14.1562,52.39,100,30,2.3,scattered clouds
630,Sarakhs,IR,36.5449,61.1577,63.03,71,5,11.7,clear sky
631,Zhanakorgan,KZ,43.9098,67.2495,58.84,66,67,18.66,broken clouds
632,Atar,MR,20.5169,-13.0499,94.96,14,4,4.5,clear sky
633,Sioux Lookout,CA,50.1001,-91.917,52.81,71,3,3.74,clear sky
634,Mazamari,PE,-11.3258,-74.5308,78.51,61,81,1.79,broken clouds
635,Poddorye,RU,57.4695,31.1156,45.16,95,41,5.5,scattered clouds
636,Tigil,RU,57.8,158.6667,45.88,77,100,2.82,overcast clouds
637,Jiexiu,CN,37.0244,111.9125,61.63,87,92,2.19,overcast clouds
638,Gloucester,GB,51.8657,-2.2431,65.19,82,100,23.0,overcast clouds
639,Berezovyy,RU,51.6667,135.7,55.89,76,87,1.88,overcast clouds
640,Terrace,CA,54.5163,-128.6035,55.42,92,92,2.28,overcast clouds
641,Gold Coast,AU,-28.0,153.4333,70.25,75,90,3.0,light rain
642,Matata,NZ,-37.8833,176.75,62.13,64,53,5.64,broken clouds
643,Marawi,PH,7.9986,124.2928,71.65,73,65,2.55,broken clouds
644,Khorramshahr,IR,30.4397,48.1664,79.61,17,0,16.4,clear sky
645,Okitipupa,NG,6.5047,4.7839,72.77,96,90,0.81,overcast clouds
646,Kaa-Khem,RU,51.6833,94.7333,32.99,76,96,7.87,overcast clouds
647,Boende,CD,-0.2167,20.8667,70.03,98,94,2.44,overcast clouds
648,Prince George,CA,53.9166,-122.753,67.24,54,61,1.01,broken clouds
649,Ust-Karsk,RU,52.7011,118.8077,42.01,84,83,11.65,broken clouds
650,Tilichiki,RU,60.4667,166.1,39.96,93,100,4.94,light rain
651,Pontal Do Parana,BR,-25.6533,-48.5128,75.72,95,1,1.41,clear sky
652,Krasnoselkup,RU,65.7,82.4667,33.49,90,59,7.85,broken clouds
653,Weyburn,CA,49.6668,-103.8511,76.17,32,85,6.13,overcast clouds
654,Mindelo,CV,16.8901,-24.9804,77.38,80,20,13.82,few clouds
655,Salta,AR,-24.7859,-65.4117,75.49,38,0,1.99,clear sky
656,Lodja,CD,-3.4833,23.4333,68.23,93,87,1.95,light rain
657,Rovaniemi,FI,66.5,25.7167,44.01,93,90,8.05,mist
658,Sambava,MG,-14.2667,50.1667,69.91,80,29,12.21,light rain
659,Athabasca,CA,54.7169,-113.2854,67.28,49,99,5.06,overcast clouds
660,Kiama,AU,-34.6833,150.8667,65.25,66,98,1.01,overcast clouds
661,Eirunepe,BR,-6.6603,-69.8736,78.08,76,95,1.77,overcast clouds
662,Tura,IN,25.5198,90.2201,75.72,84,69,2.98,broken clouds
663,Banes,CU,20.9625,-75.7186,83.01,77,11,6.87,few clouds
664,Mbini,GQ,1.574,9.6134,76.64,87,96,4.47,overcast clouds
665,Plettenberg Bay,ZA,-34.0527,23.3716,60.85,78,12,4.76,few clouds
666,Nishihara,JP,26.1842,127.7558,84.25,84,40,11.5,scattered clouds
667,Kandrian,PG,-6.2167,149.55,84.49,71,86,5.39,light rain
668,Costinesti,RO,43.95,28.6333,60.06,75,0,3.98,clear sky
669,San Buenaventura,MX,27.0833,-101.5333,87.82,35,84,9.84,broken clouds
670,Turinsk,RU,58.0458,63.696,33.76,78,100,11.81,overcast clouds
671,Karpathos,GR,35.507,27.2132,71.56,78,0,12.66,clear sky
672,Nsoko,SZ,-27.0333,31.95,64.4,97,9,1.81,clear sky
673,Zhezkazgan,KZ,47.8043,67.7144,59.52,23,100,8.55,moderate rain
674,Novikovo,RU,51.1537,37.8879,48.29,78,66,14.9,broken clouds
675,Svetlyy,RU,54.675,20.1347,46.45,78,64,9.73,broken clouds
676,Chernukha,RU,55.5974,43.7556,46.42,90,100,9.86,overcast clouds
677,Padang,ID,-0.9492,100.3543,76.95,90,100,2.71,overcast clouds
678,Saint-Joseph,RE,-21.3667,55.6167,67.21,84,39,15.19,light rain
679,Karoi,ZW,-16.8099,29.6925,70.77,36,51,9.82,broken clouds
680,Naranjal,EC,-2.6667,-79.6167,79.79,82,97,6.02,overcast clouds
681,Tomatlan,MX,19.9333,-105.25,81.39,82,63,3.13,broken clouds
682,Moussoro,TD,13.6408,16.4901,88.95,24,21,2.44,few clouds
683,Nouadhibou,MR,20.931,-17.0347,73.35,78,48,21.85,scattered clouds
684,Hovd,MN,48.0056,91.6419,37.06,37,12,3.13,few clouds
